epoch,accuracy,f1_score,loss,precision,recall,val_accuracy,val_f1_score,val_loss,val_precision,val_recall
0,0.568172812461853,0.3894648551940918,0.8415261507034302,0.4573872983455658,0.33910709619522095,0.6284694671630859,0.4970477819442749,0.6534366607666016,0.5518474578857422,0.4521484375
